chr,pos,ref,alt,aaref,aa_alt,label
19,11102732,T,G,W,G,1.0
19,11105436,C,T,S,L,1.0
19,11116201,G,T,G,V,1.0
19,11120382,G,A,C,Y,1.0
19,11105587,C,G,D,E,1.0
19,11105588,G,A,E,K,1.0
19,11107484,G,A,D,N,1.0
19,11113376,G,A,V,M,1.0
19,11113382,G,A,A,T,1.0
19,11113743,G,A,V,M,1.0
19,11116144,G,A,G,D,1.0
19,11116153,G,A,G,D,1.0
19,11120436,C,T,P,L,1.0
19,11129606,A,G,Y,C,1.0
19,11105576,G,A,D,N,1.0
19,11105429,G,A,D,N,1.0
19,11113388,G,C,D,H,1.0
19,11129654,G,A,G,D,1.0
19,11105457,G,A,C,Y,1.0
19,11106652,G,T,C,F,1.0
19,11100292,G,C,C,S,1.0
19,11105232,G,C,C,S,1.0
19,11110766,G,A,C,Y,1.0
19,11113313,G,A,E,K,1.0
19,11113382,G,C,A,P,1.0
19,11123210,C,T,T,I,0.0
19,11105268,G,A,C,Y,1.0
19,11123264,G,A,R,Q,0.0
19,11089606,G,A,G,R,0.0
19,11102774,G,A,E,K,1.0
19,11106668,T,A,D,E,1.0
19,11106676,G,A,G,D,0.0
19,11107436,G,A,E,K,1.0
19,11110681,G,A,G,S,0.0
19,11110735,G,A,D,N,0.0
19,11113292,C,G,L,V,1.0
19,11113329,C,T,T,M,1.0
19,11113608,G,A,G,R,1.0
19,11113620,G,A,D,N,1.0
19,11113650,G,A,D,N,1.0
19,11116928,G,A,G,E,1.0
19,11116936,C,T,R,W,1.0
19,11129598,C,G,N,K,1.0
19,11113644,T,C,W,R,1.0
19,11102714,C,T,R,C,1.0
19,11105258,G,T,D,Y,1.0
19,11105408,G,A,D,N,1.0
19,11105448,C,G,P,R,1.0
19,11105495,T,C,C,R,1.0
19,11105568,A,G,D,G,1.0
19,11105571,G,A,C,Y,1.0
19,11107420,C,A,F,L,1.0
19,11110714,G,A,G,S,1.0
19,11110738,G,A,G,S,1.0
19,11111586,A,C,Q,P,1.0
19,11111624,G,A,A,T,0.0
19,11113286,G,A,A,T,1.0
19,11113337,C,T,R,W,1.0
19,11113557,G,T,G,C,1.0
19,11113590,G,T,D,Y,1.0
19,11116900,C,G,H,D,1.0
19,11116937,G,A,R,Q,1.0
19,11120197,G,A,D,N,1.0
19,11129521,G,A,V,I,0.0
19,11105496,G,A,C,Y,1.0
19,11106588,G,A,E,K,1.0
19,11116900,C,T,H,Y,1.0
19,11120162,T,A,V,D,1.0
19,11120480,G,A,D,N,1.0
19,11116198,A,G,N,S,1.0
19,11113343,G,A,E,K,1.0
19,11100236,C,G,C,W,1.0
19,11102697,G,A,C,Y,1.0
19,11102739,G,A,C,Y,1.0
19,11102742,A,G,D,G,1.0
19,11102784,G,A,C,Y,1.0
19,11105232,G,A,C,Y,1.0
19,11105306,T,C,C,R,1.0
19,11105323,C,G,D,E,1.0
19,11105333,T,G,C,G,1.0
19,11105439,A,T,D,V,1.0
19,11105567,G,A,D,N,1.0
19,11105570,T,C,C,R,1.0
19,11106666,G,A,D,N,1.0
19,11107486,C,G,D,E,1.0
19,11107491,C,T,S,L,1.0
19,11107512,G,A,C,Y,1.0
19,11110697,G,A,C,Y,1.0
19,11110760,G,C,R,P,1.0
19,11111519,G,T,D,Y,1.0
19,11111526,G,A,C,Y,1.0
19,11113287,C,A,A,D,1.0
19,11113307,C,T,R,W,1.0
19,11113308,G,C,R,P,1.0
19,11113376,G,C,V,L,1.0
19,11113421,T,C,S,P,1.0
19,11116125,G,A,A,T,1.0
19,11116201,G,C,G,A,1.0
19,11116888,G,T,D,Y,1.0
19,11116898,T,C,L,P,1.0
19,11116967,T,C,L,P,1.0
19,11120126,C,A,A,D,1.0
19,11120143,C,T,R,C,1.0
19,11120144,G,A,R,H,1.0
19,11120201,T,C,M,T,1.0
19,11120411,T,C,C,R,1.0
19,11120412,G,T,C,F,1.0
19,11120522,G,C,E,Q,1.0
19,11123322,G,T,E,D,0.0
19,11128085,G,A,V,M,1.0
19,11129606,A,C,Y,S,1.0
19,11113308,G,A,R,Q,1.0
19,11100321,T,C,S,P,1.0
19,11105243,G,A,E,K,1.0
19,11089549,A,C,M,L,1.0
19,11089549,A,G,M,V,1.0
19,11089549,A,T,M,L,1.0
19,11089551,G,T,M,I,1.0
19,11089576,T,A,W,R,1.0
19,11089576,T,C,W,R,1.0
19,11089592,T,C,L,P,1.0
19,11100250,T,G,F,C,1.0
19,11100255,T,G,C,G,1.0
19,11100256,G,C,C,S,1.0
19,11100291,T,G,C,G,1.0
19,11100292,G,A,C,Y,1.0
19,11100302,C,A,S,R,0.0
19,11100310,G,A,C,Y,1.0
19,11100327,G,A,E,K,1.0
19,11100328,A,G,E,G,1.0
19,11100342,T,C,C,R,1.0
19,11102696,T,A,C,S,1.0
19,11102698,T,G,C,W,1.0
19,11102717,T,G,C,G,1.0
19,11102718,G,A,C,Y,1.0
19,11102718,G,T,C,F,1.0
19,11102738,T,C,C,R,1.0
19,11102738,T,G,C,G,1.0
19,11102740,C,G,C,W,1.0
19,11102741,G,A,D,N,1.0
19,11102741,G,T,D,Y,1.0
19,11102743,T,A,D,E,1.0
19,11102753,G,T,D,Y,1.0
19,11102756,T,A,C,S,1.0
19,11102756,T,C,C,R,1.0
19,11102756,T,G,C,G,1.0
19,11102757,G,A,C,Y,1.0
19,11102757,G,T,C,F,1.0
19,11102764,C,G,N,K,1.0
19,11102771,G,A,D,N,1.0
19,11102772,A,G,D,G,1.0
19,11102783,T,C,C,R,1.0
19,11102784,G,T,C,F,1.0
19,11102785,T,G,C,W,1.0
19,11105232,G,T,C,F,1.0
19,11105249,C,T,R,C,1.0
19,11105252,T,C,C,R,1.0
19,11105253,G,T,C,F,1.0
19,11105255,C,T,H,Y,0.0
19,11105267,T,A,C,S,1.0
19,11105267,T,C,C,R,1.0
19,11105267,T,G,C,G,1.0
19,11105268,G,C,C,S,1.0
19,11105268,G,T,C,F,1.0
19,11105270,A,T,I,F,1.0
19,11105273,T,A,S,T,0.0
19,11105276,C,G,R,G,0.0
19,11105282,T,C,F,L,1.0
19,11105283,T,A,F,Y,1.0
19,11105286,T,A,V,D,1.0
19,11105288,T,C,C,R,1.0
19,11105289,G,T,C,F,1.0
19,11105292,A,G,D,G,1.0
19,11105307,G,A,C,Y,1.0
19,11105307,G,T,C,F,1.0
19,11105308,C,G,C,W,1.0
19,11105313,A,T,D,V,1.0
19,11105321,G,A,D,N,1.0
19,11105321,G,C,D,H,1.0
19,11105322,A,G,D,G,1.0
19,11105322,A,T,D,V,1.0
19,11105324,G,A,E,K,1.0
19,11105325,A,G,E,G,1.0
19,11105326,G,C,E,D,1.0
19,11105326,G,T,E,D,1.0
19,11105333,T,C,C,R,1.0
19,11105334,G,A,C,Y,1.0
19,11105346,C,T,T,I,1.0
19,11105348,T,C,C,R,1.0
19,11105349,G,A,C,Y,1.0
19,11105349,G,C,C,S,1.0
19,11105350,T,G,C,W,1.0
19,11105357,G,A,A,T,0.0
19,11105363,T,G,F,V,1.0
19,11105364,T,G,F,C,1.0
19,11105369,T,C,C,R,1.0
19,11105369,T,G,C,G,1.0
19,11105370,G,A,C,Y,1.0
19,11105370,G,T,C,F,1.0
19,11105379,C,G,S,C,1.0
19,11105382,C,T,T,I,0.0
19,11105384,T,C,C,R,1.0
19,11105384,T,G,C,G,1.0
19,11105391,C,T,P,L,1.0
19,11105399,T,G,W,G,1.0
19,11105405,T,C,C,R,1.0
19,11105406,G,A,C,Y,1.0
19,11105407,C,G,C,W,1.0
19,11105408,G,C,D,H,1.0
19,11105408,G,T,D,Y,1.0
19,11105409,A,G,D,G,1.0
19,11105412,A,T,N,I,1.0
19,11105420,G,A,D,N,1.0
19,11105420,G,C,D,H,1.0
19,11105420,G,T,D,Y,1.0
19,11105421,A,G,D,G,1.0
19,11105422,C,G,D,E,1.0
19,11105423,T,C,C,R,1.0
19,11105423,T,G,C,G,1.0
19,11105424,G,A,C,Y,1.0
19,11105425,C,G,C,W,1.0
19,11105429,G,T,D,Y,1.0
19,11105433,G,T,G,V,1.0
19,11105438,G,A,D,N,1.0
19,11105438,G,C,D,H,1.0
19,11105438,G,T,D,Y,1.0
19,11105439,A,G,D,G,1.0
19,11105440,T,G,D,E,1.0
19,11105442,A,G,E,G,1.0
19,11105456,T,C,C,R,1.0
19,11105458,T,G,C,W,1.0
19,11105495,T,G,C,G,1.0
19,11105496,G,T,C,F,1.0
19,11105497,C,G,C,W,1.0
19,11105506,C,A,F,L,0.0
19,11105517,G,A,C,Y,1.0
19,11105517,G,C,C,S,1.0
19,11105517,G,T,C,F,1.0
19,11105524,T,G,S,R,1.0
19,11105528,G,A,E,K,1.0
19,11105532,G,A,C,Y,1.0
19,11105537,C,T,H,Y,1.0
19,11105538,A,T,H,L,1.0
19,11105547,G,C,W,S,1.0
19,11105549,C,A,R,S,1.0
19,11105552,T,C,C,R,1.0
19,11105553,G,A,C,Y,1.0
19,11105567,G,T,D,Y,1.0
19,11105568,A,T,D,V,1.0
19,11105570,T,G,C,G,1.0
19,11105571,G,T,C,F,1.0
19,11105572,C,G,C,W,1.0
19,11105575,G,C,K,N,1.0
19,11105577,A,C,D,A,1.0
19,11105577,A,G,D,G,1.0
19,11105577,A,T,D,V,1.0
19,11105582,T,C,S,P,1.0
19,11105583,C,G,S,C,1.0
19,11105586,A,T,D,V,1.0
19,11105588,G,C,E,Q,1.0
19,11105589,A,C,E,A,1.0
19,11105597,T,C,C,R,1.0
19,11105597,T,G,C,G,1.0
19,11105598,G,A,C,Y,1.0
19,11105599,C,G,C,W,1.0
19,11106576,T,C,C,R,1.0
19,11106597,T,C,C,R,1.0
19,11106612,T,G,C,G,1.0
19,11106613,G,A,C,Y,1.0
19,11106613,G,T,C,F,1.0
19,11106631,A,C,Q,P,1.0
19,11106633,T,A,C,S,1.0
19,11106633,T,C,C,R,1.0
19,11106634,G,A,C,Y,1.0
19,11106637,A,G,D,G,1.0
19,11106638,C,G,D,E,1.0
19,11106642,G,A,E,K,0.0
19,11106660,A,G,M,V,0.0
19,11106666,G,T,D,Y,1.0
19,11106667,A,G,D,G,1.0
19,11106667,A,T,D,V,1.0
19,11106671,A,T,E,D,1.0
19,11106678,T,A,C,S,1.0
19,11106679,G,A,C,Y,1.0
19,11107394,A,T,T,S,0.0
19,11107400,T,C,C,R,1.0
19,11107400,T,G,C,G,1.0
19,11107401,G,A,C,Y,1.0
19,11107402,C,G,C,W,1.0
19,11107424,T,C,C,R,1.0
19,11107424,T,G,C,G,1.0
19,11107432,C,A,S,R,1.0
19,11107433,G,T,G,C,1.0
19,11107439,T,C,C,R,1.0
19,11107443,T,G,I,S,1.0
19,11107454,A,G,K,E,1.0
19,11107472,A,G,R,G,1.0
19,11107475,G,T,D,Y,1.0
19,11107476,A,C,D,A,1.0
19,11107476,A,G,D,G,1.0
19,11107479,G,A,C,Y,1.0
19,11107480,C,G,C,W,1.0
19,11107484,G,T,D,Y,1.0
19,11107493,G,C,D,H,1.0
19,11107495,T,G,D,E,1.0
19,11107496,G,A,E,K,1.0
19,11107503,T,C,I,T,0.0
19,11107511,T,C,C,R,1.0
19,11107511,T,G,C,G,1.0
19,11110663,T,C,C,R,1.0
19,11110664,G,A,C,Y,1.0
19,11110664,G,T,C,F,1.0
19,11110685,G,A,C,Y,1.0
19,11110688,C,G,S,C,1.0
19,11110688,C,T,S,F,1.0
19,11110696,T,G,C,G,1.0
19,11110697,G,T,C,F,1.0
19,11110723,T,A,C,S,1.0
19,11110723,T,C,C,R,1.0
19,11110723,T,G,C,G,1.0
19,11110724,G,A,C,Y,1.0
19,11110730,G,A,C,Y,1.0
19,11110731,C,G,C,W,1.0
19,11110733,C,G,P,R,0.0
19,11110738,G,T,G,C,1.0
19,11110739,G,A,G,D,1.0
19,11110765,T,A,C,S,1.0
19,11110765,T,C,C,R,1.0
19,11110766,G,T,C,F,1.0
19,11110767,C,G,C,W,1.0
19,11111514,A,C,D,A,1.0
19,11111514,A,G,D,G,1.0
19,11111514,A,T,D,V,1.0
19,11111520,A,C,D,A,1.0
19,11111522,G,A,E,K,1.0
19,11111525,T,C,C,R,1.0
19,11111543,T,C,C,R,1.0
19,11111544,G,C,C,S,1.0
19,11111544,G,T,C,F,1.0
19,11111550,A,C,Q,P,1.0
19,11111555,T,G,C,G,1.0
19,11111556,G,A,C,Y,1.0
19,11111556,G,C,C,S,1.0
19,11111562,A,C,N,T,1.0
19,11111570,G,T,G,C,1.0
19,11111571,G,A,G,D,1.0
19,11111571,G,T,G,V,1.0
19,11111577,A,C,Y,S,1.0
19,11111577,A,G,Y,C,1.0
19,11111582,T,G,C,G,1.0
19,11111583,G,A,C,Y,1.0
19,11111583,G,C,C,S,1.0
19,11111588,T,C,C,R,1.0
19,11111589,G,A,C,Y,1.0
19,11111604,A,C,Q,P,1.0
19,11111627,T,C,C,R,1.0
19,11111639,G,A,G,S,1.0
19,11113302,C,T,T,I,1.0
19,11113306,C,G,N,K,1.0
19,11113314,A,T,E,V,1.0
19,11113321,G,T,R,S,1.0
19,11113322,A,G,K,E,1.0
19,11113326,T,C,M,T,1.0
19,11113327,G,A,M,I,0.0
19,11113334,G,C,D,H,1.0
19,11113335,A,G,D,G,1.0
19,11113338,G,A,R,Q,1.0
19,11113338,G,C,R,P,1.0
19,11113338,G,T,R,L,1.0
19,11113356,T,C,L,P,1.0
19,11113359,T,C,I,T,1.0
19,11113368,T,C,L,P,1.0
19,11113376,G,T,V,L,1.0
19,11113386,T,C,L,P,1.0
19,11113388,G,T,D,Y,1.0
19,11113392,C,A,T,K,1.0
19,11113392,C,G,T,R,1.0
19,11113398,T,C,V,A,1.0
19,11113413,T,C,I,T,1.0
19,11113415,T,A,Y,N,1.0
19,11113416,A,G,Y,C,1.0
19,11113419,G,C,W,S,1.0
19,11113420,G,C,W,C,1.0
19,11113420,G,T,W,C,1.0
19,11113430,T,C,S,P,1.0
19,11113442,A,T,I,F,1.0
19,11113443,T,C,I,T,1.0
19,11113537,C,A,T,N,1.0
19,11113552,C,G,A,G,0.0
19,11113587,A,G,R,G,0.0
19,11113602,C,T,P,S,1.0
19,11113614,G,C,A,P,1.0
19,11113620,G,C,D,H,1.0
19,11113621,A,G,D,G,1.0
19,11113630,A,G,H,R,1.0
19,11113639,T,A,I,N,1.0
19,11113639,T,C,I,T,1.0
19,11113644,T,G,W,G,1.0
19,11113650,G,C,D,H,1.0
19,11113651,A,G,D,G,1.0
19,11113663,G,T,G,V,1.0
19,11113668,G,T,V,F,0.0
19,11113671,T,C,S,P,1.0
19,11113678,C,A,A,E,1.0
19,11113678,C,T,A,V,1.0
19,11113696,A,C,K,T,1.0
19,11113701,A,G,K,E,1.0
19,11113708,T,C,L,S,1.0
19,11113734,A,G,R,G,1.0
19,11113743,G,T,V,L,1.0
19,11113747,T,G,V,G,1.0
19,11116104,T,C,W,R,1.0
19,11116110,G,T,D,Y,1.0
19,11116113,T,G,W,G,1.0
19,11116119,A,T,T,S,0.0
19,11116125,G,T,A,S,1.0
19,11116132,T,G,I,S,1.0
19,11116140,G,A,G,R,1.0
19,11116140,G,C,G,R,1.0
19,11116140,G,T,G,W,1.0
19,11116141,G,A,G,E,1.0
19,11116143,G,C,G,R,1.0
19,11116144,G,T,G,V,1.0
19,11116151,T,A,N,K,1.0
19,11116151,T,G,N,K,1.0
19,11116153,G,T,G,V,1.0
19,11116171,T,C,L,P,1.0
19,11116194,C,T,P,S,1.0
19,11116197,A,G,N,D,1.0
19,11116209,C,G,L,V,1.0
19,11116210,T,C,L,P,1.0
19,11116868,G,A,S,N,0.0
19,11116874,G,A,R,H,1.0
19,11116880,A,C,Y,S,1.0
19,11116880,A,G,Y,C,1.0
19,11116882,T,C,W,R,1.0
19,11116882,T,G,W,G,1.0
19,11116883,G,C,W,S,1.0
19,11116889,A,C,D,A,1.0
19,11116889,A,G,D,G,1.0
19,11116890,C,G,D,E,1.0
19,11116901,A,G,H,R,1.0
19,11116902,C,A,H,Q,1.0
19,11116903,T,C,S,P,1.0
19,11116907,T,A,I,N,1.0
19,11116907,T,C,I,T,1.0
19,11116937,G,T,R,L,1.0
19,11116949,T,C,L,S,1.0
19,11116954,G,T,D,Y,1.0
19,11116955,A,T,D,V,1.0
19,11116962,G,C,K,N,0.0
19,11116973,A,G,H,R,1.0
19,11116975,C,A,P,T,1.0
19,11116975,C,T,P,S,1.0
19,11116976,C,G,P,R,1.0
19,11116976,C,T,P,L,1.0
19,11116982,C,G,S,C,1.0
19,11116986,G,C,L,F,1.0
19,11116986,G,T,L,F,1.0
19,11116993,T,A,F,I,1.0
19,11116997,A,T,E,V,1.0
19,11120101,T,C,F,L,1.0
19,11120102,T,C,F,S,1.0
19,11120102,T,G,F,C,1.0
19,11120104,T,C,W,R,1.0
19,11120106,G,C,W,C,1.0
19,11120108,C,G,T,R,1.0
19,11120110,G,A,D,N,1.0
19,11120111,A,C,D,A,1.0
19,11120125,G,A,A,T,1.0
19,11120126,C,T,A,V,1.0
19,11120132,T,G,F,C,1.0
19,11120138,C,A,A,D,1.0
19,11120144,G,T,R,L,1.0
19,11120162,T,G,V,G,1.0
19,11120171,T,C,L,S,1.0
19,11120188,T,C,S,P,1.0
19,11120197,G,T,D,Y,1.0
19,11120211,C,G,F,L,1.0
19,11120219,T,C,L,P,1.0
19,11120221,A,C,T,P,1.0
19,11120224,C,A,Q,K,1.0
19,11120370,G,A,G,E,1.0
19,11120381,T,A,C,S,1.0
19,11120381,T,C,C,R,1.0
19,11120382,G,T,C,F,1.0
19,11120383,T,G,C,W,1.0
19,11120405,G,A,G,S,1.0
19,11120408,G,C,G,R,1.0
19,11120412,G,A,C,Y,1.0
19,11120423,T,G,C,G,1.0
19,11120424,G,A,C,Y,1.0
19,11120424,G,C,C,S,1.0
19,11120425,C,G,C,W,1.0
19,11120435,C,A,P,T,1.0
19,11120435,C,T,P,S,1.0
19,11120462,T,G,F,V,1.0
19,11120469,G,A,C,Y,1.0
19,11120470,C,G,C,W,1.0
19,11120471,G,C,A,P,1.0
19,11120475,G,A,C,Y,1.0
19,11120475,G,T,C,F,1.0
19,11120481,A,G,D,G,1.0
19,11120501,G,T,D,Y,1.0
19,11120513,T,A,C,S,1.0
19,11120514,G,A,C,Y,1.0
19,11120514,G,C,C,S,1.0
19,11120514,G,T,C,F,1.0
19,11120522,G,A,E,K,1.0
19,11123188,G,C,V,L,0.0
19,11123324,T,C,I,T,0.0
19,11123327,T,G,V,G,0.0
19,11128085,G,T,V,L,1.0
19,11129519,T,G,L,R,1.0
19,11129536,G,A,G,R,1.0
19,11129540,T,A,V,D,0.0
19,11129596,A,G,N,D,1.0
19,11129598,C,A,N,K,1.0
19,11129599,C,A,P,T,1.0
19,11129605,T,C,Y,H,1.0
19,11131308,G,A,V,M,0.0
19,11102772,A,T,D,V,1.0
19,11105334,G,C,C,S,1.0
19,11111544,G,A,C,Y,1.0
19,11111555,T,C,C,R,1.0
19,11113346,T,G,Y,D,1.0
19,11116927,G,A,G,R,1.0
19,11089601,C,T,A,V,0.0
19,11102675,T,C,C,R,1.0
19,11105283,T,C,F,S,1.0
19,11105289,G,A,C,Y,1.0
19,11105409,A,C,D,A,1.0
19,11105516,T,G,C,G,1.0
19,11105535,T,C,I,T,1.0
19,11105589,A,G,E,G,1.0
19,11106576,T,G,C,G,1.0
19,11106613,G,C,C,S,1.0
19,11107498,A,T,E,D,1.0
19,11110678,G,T,G,C,1.0
19,11110696,T,C,C,R,1.0
19,11111588,T,G,C,G,1.0
19,11113296,T,C,F,S,1.0
19,11113347,A,G,Y,C,1.0
19,11113406,A,T,N,Y,1.0
19,11116201,G,A,G,D,1.0
19,11116212,G,A,D,N,1.0
19,11120438,C,G,Q,E,1.0
19,11105289,G,C,C,S,1.0
19,11105416,C,A,D,E,1.0
19,11105435,T,C,S,P,1.0
19,11105587,C,A,D,E,1.0
19,11111630,A,C,K,Q,1.0
19,11129530,T,C,C,R,1.0
19,11113738,C,T,A,V,1.0
19,11111628,G,A,C,Y,1.0
19,11113615,C,T,A,V,1.0
19,11107439,T,G,C,G,1.0
19,11100271,G,T,C,F,1.0
19,11102784,G,C,C,S,1.0
19,11105323,C,A,D,E,1.0
19,11105457,G,C,C,S,1.0
19,11107479,G,T,C,F,1.0
19,11111534,C,T,P,S,1.0
19,11113603,C,T,P,L,1.0
19,11120225,A,C,Q,P,1.0
19,11120370,G,C,G,A,1.0
19,11120426,C,T,L,F,1.0
19,11129545,C,G,L,V,1.0
19,11105448,C,T,P,L,1.0
19,11111583,G,T,C,F,1.0
19,11116892,C,T,S,F,1.0
19,11089551,G,A,M,I,1.0
19,11100234,T,C,C,R,1.0
19,11102742,A,C,D,A,1.0
19,11105388,T,C,I,T,1.0
19,11110739,G,T,G,V,1.0
19,11111520,A,T,D,V,1.0
19,11113286,G,T,A,S,1.0
19,11113609,G,A,G,E,1.0
19,11113614,G,A,A,T,1.0
19,11129536,G,C,G,R,1.0
19,11089550,T,C,M,T,1.0
19,11105376,G,A,S,N,1.0
19,11105385,G,T,C,F,1.0
19,11110698,C,G,C,W,1.0
19,11110724,G,T,C,F,1.0
19,11120436,C,A,P,Q,1.0
19,11105334,G,T,C,F,1.0
19,11105590,G,C,E,D,1.0
19,11107494,A,G,D,G,1.0
19,11110685,G,T,C,F,1.0
19,11111571,G,C,G,A,1.0
19,11113300,C,A,F,L,1.0
19,11110684,T,C,C,R,1.0
19,11105531,T,G,C,G,1.0
19,11107500,C,A,P,H,1.0
19,11110685,G,C,C,S,1.0
19,11120227,C,G,P,A,1.0
19,11102783,T,G,C,G,1.0
19,11105585,G,A,D,N,1.0
19,11107461,G,T,C,F,1.0
19,11113319,A,G,R,G,1.0
19,11116981,T,C,S,P,1.0
19,11105231,T,G,C,G,1.0
19,11105333,T,A,C,S,1.0
19,11123284,C,T,R,W,0.0
19,11105578,C,G,D,E,1.0
19,11106658,A,G,D,G,1.0
19,11110724,G,C,C,S,1.0
19,11105384,T,A,C,S,1.0
19,11110730,G,T,C,F,1.0
19,11113677,G,A,A,T,1.0
19,11120427,T,G,L,R,1.0
19,11102775,A,G,E,G,1.0
19,11113612,T,A,L,Q,1.0
19,11113743,G,C,V,L,1.0
19,11113418,T,C,W,R,1.0
19,11116099,T,A,M,K,1.0
19,11116859,A,T,D,V,1.0
19,11106680,C,G,C,W,1.0
19,11107425,G,T,C,F,1.0
19,11100257,C,G,C,W,1.0
19,11113368,T,G,L,R,1.0
19,11113422,C,T,S,F,1.0
19,11105388,T,A,I,N,1.0
19,11129537,G,A,G,E,1.0
19,11105284,C,A,F,L,1.0
19,11106597,T,A,C,S,1.0
19,11113646,G,C,W,C,1.0
19,11116909,T,C,S,P,1.0
19,11116198,A,C,N,T,1.0
19,11105516,T,C,C,R,1.0
19,11110714,G,T,G,C,1.0
19,11089592,T,G,L,R,1.0
19,11120469,G,T,C,F,1.0
19,11106651,T,A,C,S,1.0
19,11113398,T,A,V,E,1.0
19,11100261,G,T,D,Y,1.0
19,11111627,T,A,C,S,1.0
19,11105306,T,A,C,S,1.0
19,11111582,T,C,C,R,1.0
19,11111630,A,G,K,E,1.0
19,11106666,G,C,D,H,1.0
19,11107425,G,A,C,Y,1.0
19,11105576,G,C,D,H,1.0
19,11107462,C,G,C,W,1.0
19,11116104,T,A,W,R,1.0
19,11116200,G,C,G,R,1.0
19,11116928,G,T,G,V,1.0
19,11102719,C,G,C,W,1.0
19,11111525,T,G,C,G,1.0
19,11120468,T,G,C,G,1.0
19,11102775,A,C,E,A,1.0
19,11113646,G,T,W,C,1.0
19,11110771,G,A,D,N,1.0
19,11120209,T,C,F,L,1.0
19,11105400,G,T,W,L,1.0
19,11116882,T,A,W,R,1.0
19,11113614,G,T,A,S,1.0
19,11120381,T,G,C,G,1.0
19,11113389,A,C,D,A,1.0
19,11105507,G,C,E,Q,1.0
19,11105508,A,C,E,A,1.0
19,11113329,C,G,T,R,1.0
19,11120496,C,T,A,V,1.0
19,11113609,G,T,G,V,1.0
19,11111555,T,A,C,S,1.0
19,11111619,C,A,T,K,1.0
19,11116152,G,C,G,R,1.0
19,11120468,T,A,C,S,1.0
19,11105303,G,T,D,Y,1.0
19,11111543,T,G,C,G,1.0
19,11113299,T,C,F,S,1.0
19,11105421,A,C,D,A,1.0
19,11116976,C,A,P,H,1.0
19,11107460,T,G,C,G,1.0
19,11111576,T,G,Y,D,1.0
19,11111562,A,T,N,I,1.0
19,11116200,G,A,G,S,1.0
19,11116106,G,T,W,C,1.0
19,11120436,C,G,P,R,1.0
19,11106657,G,T,D,Y,1.0
19,11113375,C,A,N,K,1.0
19,11116200,G,T,G,C,1.0
19,11111618,A,G,T,A,1.0
19,11120474,T,C,C,R,1.0
19,11113383,C,G,A,G,1.0
19,11113737,G,T,A,S,1.0
19,11113332,T,A,L,Q,1.0
19,11116150,A,G,N,S,1.0
19,11113410,G,T,R,I,1.0
19,11113306,C,A,N,K,1.0
19,11113292,C,T,L,F,1.0
19,11107476,A,T,D,V,1.0
19,11113413,T,G,I,S,1.0
19,11105385,G,C,C,S,1.0
19,11105532,G,T,C,F,1.0
19,11105567,G,C,D,H,1.0
19,11105592,A,T,E,V,1.0
19,11116998,G,C,E,D,1.0
19,11102757,G,C,C,S,1.0
19,11111561,A,T,N,Y,1.0
19,11110679,G,T,G,V,1.0
19,11100322,C,T,S,F,1.0
19,11102753,G,C,D,H,1.0
19,11105457,G,T,C,F,1.0
19,11110729,T,G,C,G,1.0
19,11113385,C,A,L,M,1.0
19,11120198,A,G,D,G,1.0
19,11120435,C,G,P,A,1.0
19,11110679,G,A,G,D,1.0
19,11102715,G,T,R,L,1.0
19,11105430,A,G,D,G,1.0
19,11102758,C,G,C,W,1.0
19,11105303,G,C,D,H,1.0
19,11105496,G,C,C,S,1.0
19,11120226,G,T,Q,H,1.0
19,11111582,T,A,C,S,1.0
19,11116982,C,A,S,Y,1.0
19,11110739,G,C,G,A,1.0
19,11113434,A,C,Q,P,1.0
19,11102743,T,G,D,E,1.0
19,11105538,A,G,H,R,1.0
